,Title,Cast and crew,genres,overview,releasedate,duration,director_name,actor_1_name,actor_2_name,actor_3_name
0,The 355,"Simon Kinberg (director/screenplay); Theresa Rebeck (screenplay); Jessica Chastain, Lupita Nyong'o, Penélope Cruz, Diane Kruger, Fan Bingbing, Sebastian Stan, Édgar Ramírez",Action Thriller,"A group of top female agents from American, British, Chinese, Columbian and German  government agencies are drawn together to try and stop an organization from acquiring a deadly weapon to send the world into chaos.",2022-01-05,122.0,Simon Kinberg,Jessica Chastain,Lupita Nyong'o,Penélope Cruz
1,The Legend of La Llorona,"Patricia Harris Seeley (director/screenplay); José Prendes, Cameron Larson (screenplay); Autumn Reeser, Antonio Cupo, Danny Trejo",Horror Thriller,"While vacationing in Mexico, a couple discovers their son's disappearance is tied to a supernatural curse.",2022-01-07,98.0,Patricia Harris Seeley,Autumn Reeser,Antonio Cupo,Danny Trejo
2,The Commando,"Asif Akbar (director); Koji Steven Sakai (screenplay); Mickey Rourke, Michael Jai White",Action Crime Thriller,"An elite DEA agent returns home after a failed mission when his family makes an unexpected discovery in their house – a stash of money worth $3 million. They soon face the danger and threat of a newly released criminal and his crew, who will do whatever it takes to retrieve the money, including kidnap the agent’s daughters. Stakes are high and lives are at risk in this head-to-head battle as the agent stops at nothing to protect his family against the money-hungry criminals.",2022-01-07,93.0,Asif Akbar,Mickey Rourke,Michael Jai White,
3,Scream,"Matt Bettinelli-Olpin, Tyler Gillett (director); James Vanderbilt, Guy Busick (screenplay); Melissa Barrera, Mason Gooding, Jenna Ortega, Jack Quaid, Marley Shelton, Courteney Cox, David Arquette, Neve Campbell",Horror Mystery Thriller,"Twenty-five years after a streak of brutal murders shocked the quiet town of Woodsboro, a new killer has donned the Ghostface mask and begins targeting a group of teenagers to resurrect secrets from the town’s deadly past.",2022-01-12,114.0,"Matt Bettinelli-Olpin, Tyler Gillett",Melissa Barrera,Mason Gooding,Jenna Ortega
4,Hotel Transylvania: Transformania,"Jennifer Kluska, Derek Drymon (directors); Amos Vernon, Nunzio Randazzo, Genndy Tartakovsky (screenplay); Andy Samberg, Selena Gomez, Kathryn Hahn, Jim Gaffigan, Steve Buscemi, Molly Shannon, David Spade, Keegan-Michael Key, Brian Hull, Fran Drescher, Brad Abrell, Asher Blinkoff, Tyler ""Ninja"" Blevins, Zoe Berri",Animation Family Fantasy Comedy Adventure,"When Van Helsing's mysterious invention, the ""Monsterfication Ray,"" goes haywire, Drac and his monster pals are all transformed into humans, and Johnny becomes a monster. In their new mismatched bodies, Drac and Johnny must team up and race across the globe to find a cure before it's too late, and before they drive each other crazy.",2022-02-25,87.0,"Jennifer Kluska, Derek Drymon",Andy Samberg,Selena Gomez,Kathryn Hahn
5,Shattered,"Luis Prieto (director); David Loughery (screenplay); Cameron Monaghan, Frank Grillo, Lilly Krug, John Malkovich",Thriller,"Chris, a wealthy divorcee, lives in a high-tech house of his own design in Montana. His life changes when he meets Sky, a mysterious young woman who draws him out of his shell and moves in after Chris is injured.",2022-01-14,92.0,Luis Prieto,Cameron Monaghan,Frank Grillo,Lilly Krug
6,The Royal Treatment,"Rick Jacobson (director); Holly Hester (screenplay); Laura Marano, Mena Massoud",Romance Comedy,"Isabella runs her own salon and isn’t afraid to speak her mind, while Prince Thomas runs his own country and is about to marry for duty rather than love. When Izzy and her fellow stylists get the opportunity of a lifetime to do the hair for the royal wedding, she and Prince Thomas learn that taking control of their own destiny requires following their hearts.",2022-01-20,96.0,Rick Jacobson,Laura Marano,Mena Massoud,
7,Redeeming Love,"D.J. Caruso (director/screenplay); Francine Rivers (screenplay); Abigail Cowen, Tom Lewis, Logan Marshall-Green, Ke-Xi Wu, Famke Janssen, Nina Dobrev, Eric Dane",Drama History Romance,A retelling of the biblical book of Hosea set against the backdrop of the California Gold Rush of 1850.,2022-01-21,134.0,D.J. Caruso,Abigail Cowen,Tom Lewis,Logan Marshall-Green
8,The King's Daughter,"Sean McNamara (director); Berry Berman, James Schamus (screenplay); Pierce Brosnan, Kaya Scodelario, Benjamin Walker, Rachel Griffiths, Julie Andrews, Fan Bingbing, William Hurt",Fantasy Drama Romance History,"King Louis XIV's quest for immortality leads him to capture and steal a mermaid's life force, a move that is further complicated by his illegitimate daughter's discovery of the creature.",2022-01-21,94.0,Sean McNamara,Pierce Brosnan,Kaya Scodelario,Benjamin Walker
9,The Tiger Rising,"Ray Giarratana (director/screenplay); Christian Convery, Dennis Quaid, Queen Latifah, Madalen Mills, Katharine McPhee, Sam Trammell",Family Adventure,"When 12-year-old Rob Horton discovers a caged tiger in the woods near his home, his imagination runs wild and life begins to change in the most unexpected ways. With the help of a wise and mysterious maid, Willie May  and the stubborn new girl in school, he must navigate through childhood memories, heartache, and wondrous adventures.",2022-01-21,102.0,Ray Giarratana,Christian Convery,Dennis Quaid,Queen Latifah
10,The Fallout,"Megan Park (director/screenplay); Jenna Ortega, Maddie Ziegler, Niles Fitch, Will Ropp, John Ortiz, Julie Bowen, Shailene Woodley",Drama,"In the wake of a school tragedy, Vada, Mia and Quinton form a unique and dynamic bond as they navigate the never linear, often confusing journey to heal in a world that feels forever changed.",2022-01-28,96.0,Megan Park,Jenna Ortega,Maddie Ziegler,Niles Fitch
11,The Ice Age Adventures of Buck Wild,"John C. Donkin (director); Ray DeLaurentis, Jim Hecht, William Schifrin (screenplay); Simon Pegg, Utkarsh Ambudkar, Justina Machado, Vincent Tong",Animation Comedy Adventure Family,The fearless one-eyed weasel Buck teams up with mischievous possum brothers Crash & Eddie as they head off on a new adventure into Buck's home: The Dinosaur World.,2022-01-28,82.0,John C. Donkin,Simon Pegg,Utkarsh Ambudkar,Justina Machado
12,Home Team,"Charles Kinnane, Daniel Kinnane (director); Keith Blum, Chris Titone (screenplay); Kevin James, Taylor Lautner, Rob Schneider, Jackie Sandler, Tait Blum",Family Comedy,"Two years after a Super Bowl win when NFL head coach Sean Payton is suspended, he goes back to his hometown and finds himself reconnecting with his 12-year-old son by coaching his Pop Warner football team.",2022-01-28,95.0,"Charles Kinnane, Daniel Kinnane",Kevin James,Taylor Lautner,Rob Schneider
13,Clean,"Paul Solet (director/screenplay); Adrien Brody (screenplay); Adrien Brody, Glenn Fleshler, Mykelti Williamson, RZA",Crime Drama Thriller,"Tormented by a past life, garbage man Clean attempts a life of quiet redemption. But when his good intentions mark him a target of a local crime boss, Clean is forced to reconcile with the violence of his past",2021-01-28,93.0,Paul Solet,Adrien Brody,Glenn Fleshler,Mykelti Williamson
14,Sundown,"Michel Franco (director/screenplay); Tim Roth, Charlotte Gainsbourg",Romance Comedy,"High school seniors Logan and Blake prepare for an epic Spring Break as they travel to the beautiful and exotic Mexican beach resort of Puerto Vallarta hoping to hook up with their high school crushes. Surrounded by hot girls in teeny bikinis, the guys are truly in heaven. After meeting at a club, Logan falls for a mysterious local beauty named Gaby but then realizes the next morning, when his grandfather’s Rolex watch is missing, that she was after more than just his heart.",2016-05-16,103.0,Michel Franco,Tim Roth,Charlotte Gainsbourg,
15,Jackass Forever,"Jeff Tremaine (director); Johnny Knoxville, Spike Jonze (screenplay); Johnny Knoxville, Steve-O, Chris Pontius, Dave England, Wee Man, Danger Ehren, Preston Lacy",Comedy Documentary,"Celebrate the joy of a perfectly executed shot to the groin as Johnny Knoxville, Steve-O and the rest of the gang return alongside some newcomers for one final round of hilarious, wildly absurd and often dangerous displays of stunts and comedy.",2022-02-01,96.0,Jeff Tremaine,Johnny Knoxville,Steve-O,Chris Pontius
16,Moonfall,"Roland Emmerich (director/screenplay); Harald Kloser, Spenser Cohen (screenplay); Halle Berry, Patrick Wilson, John Bradley, Michael Peña, Charlie Plummer, Kelly Yu, Donald Sutherland",Action Adventure Science Fiction,A mysterious force knocks the moon from its orbit around Earth and sends it hurtling on a collision course with life as we know it.,2022-02-03,130.0,Roland Emmerich,Halle Berry,Patrick Wilson,John Bradley
17,Last Looks,"Tim Kirkby (director); Howard Michael Gould (screenplay); Charlie Hunnam, Mel Gibson, Morena Baccarin, Rupert Friend, Dominic Monaghan, Jacob Scipio, Clancy Brown",Action Crime Thriller Mystery,"A disgraced ex-cop seeks solace by moving to the woods, but his quiet life comes to an end when a private eye recruits him to investigate the murder of an eccentric TV star's wife.",2021-12-02,111.0,Tim Kirkby,Charlie Hunnam,Mel Gibson,Morena Baccarin
18,The Long Night,"Rich Ragsdale (director); Robert Sheppe, Mark Young (screenplay); Scout Taylor-Compton, Nolan Gerard Funk, Jeff Fahey, Deborah Kara Unger",Horror,A devoted couple's quiet weekend takes a bizarre turn when a nightmarish cult and their maniacal leader come to fulfill an apocalyptic prophesy.,2022-02-04,91.0,Rich Ragsdale,Scout Taylor-Compton,Nolan Gerard Funk,Jeff Fahey
19,Kimi,"Steven Soderbergh (director); David Koepp (screenplay); Zoë Kravitz, Rita Wilson, Byron Bowers",Thriller,"A tech worker with agoraphobia discovers recorded evidence of a violent crime but is met with resistance when she tries to report it. Seeking justice, she must do the thing she fears the most: she must leave her apartment.",2022-02-10,89.0,Steven Soderbergh,Zoë Kravitz,Rita Wilson,Byron Bowers
20,Shut In,"D.J. Caruso (director); Melanie Toast (screenplay); Rainey Qualley, Jake Horowitz, Luciana VanDette, Vincent Gallo",Drama Thriller,"A widowed child psychologist lives in an isolated existence in rural New England. When caught in a deadly winter storm, she must find a way to rescue a young boy before he disappears forever.",2016-11-11,91.0,D.J. Caruso,Rainey Qualley,Jake Horowitz,Luciana VanDette
21,Death on the Nile,"Kenneth Branagh (director); Michael Green (screenplay); Tom Bateman, Annette Bening, Kenneth Branagh, Russell Brand, Ali Fazal, Dawn French, Gal Gadot, Armie Hammer, Rose Leslie, Emma Mackey, Sophie Okonedo, Jennifer Saunders, Letitia Wright",Crime Drama Mystery Thriller,Belgian sleuth Hercule Poirot boards a glamorous river steamer with enough champagne to fill the Nile. But his Egyptian vacation turns into a thrilling search for a murderer when a picture-perfect couple’s idyllic honeymoon is tragically cut short.,2022-02-09,127.0,Kenneth Branagh,Tom Bateman,Annette Bening,Kenneth Branagh
22,Marry Me,"Kat Coiro (director); John Rogers, Tami Sagher, Harper Dill (screenplay); Jennifer Lopez, Owen Wilson, Maluma, John Bradley, Chloe Coleman, Sarah Silverman",Romance Comedy Music,"Music superstars Kat Valdez and Bastian are getting married before a global audience of fans. But when Kat learns, seconds before her vows, that Bastian has been unfaithful, she decides to marry Charlie, a stranger in the crowd, instead.",2022-02-09,112.0,Kat Coiro,Jennifer Lopez,Owen Wilson,Maluma
23,Blacklight,"Mark Williams (director/screenplay); Nick May (screenplay); Liam Neeson, Emmy Raver-Lampman, Taylor John Smith, Aidan Quinn",Action Thriller,Travis Block is a shadowy Government agent who specializes in removing operatives whose covers have been exposed. He then has to uncover a deadly conspiracy within his own ranks that reaches the highest echelons of power.,2022-02-10,104.0,Mark Williams,Liam Neeson,Emmy Raver-Lampman,Taylor John Smith
24,I Want You Back,"Jason Orley (director); Isaac Aptaker, Elizabeth Berger (screenplay); Charlie Day, Jenny Slate, Scott Eastwood, Manny Jacinto, Gina Rodriguez",Comedy Romance,"Peter and Emma thought they were on the precipice of life’s biggest moments – marriage, kids, and houses in the suburbs – until their respective partners dumped them. Horrified to learn that the loves of their lives have already moved on, Peter and Emma hatch a hilarious plan to win back their exes with unexpected results.",2022-02-10,117.0,Jason Orley,Charlie Day,Jenny Slate,Scott Eastwood
25,Tall Girl 2,"Emily Ting (director); Sam Wolfson (screenplay); Ava Michelle, Griffin Gluck, Sabrina Carpenter, Anjelika Washington, Angela Kinsey, Steve Zahn",Comedy Drama Romance,"After Jodi Kreyman gains popularity, her miscommunications start causing rifts with those around her and now she really needs to ""stand tall"".",2022-02-11,97.0,Emily Ting,Ava Michelle,Griffin Gluck,Sabrina Carpenter
26,The Sky Is Everywhere,"Josephine Decker (director); Jandy Nelson (screenplay); Grace Kaufman, Pico Alexander, Jacques Colimon, Cherry Jones, Jason Segel",Drama Romance Music,"Lennie is a teen musical prodigy grieving the death of her sister when she finds herself caught between a new guy at school and her sister's devastated boyfriend. Through her vivid imagination and conflicted heart, Lennie navigates first love and first loss.",2022-02-11,103.0,Josephine Decker,Grace Kaufman,Pico Alexander,Jacques Colimon
27,The In Between,"Arie Posin (director); Marc Klein (screenplay); Joey King, Kyle Allen, Kim Dickens, John Ortiz",Romance Science Fiction Drama,"After surviving a car accident that took the life of her boyfriend, a teenage girl believes he's attempting to reconnect with her from the after world.",2022-02-11,116.0,Arie Posin,Joey King,Kyle Allen,Kim Dickens
28,Fistful of Vengeance,"Roel Reiné (director); Cameron Litvack, Jessica Chou, Yalun Tu (screenplay); Iko Uwais, Lewis Tan, Lawrence Kao, JuJu Chan, Pearl Thusi, Jason Tobin",Action Crime Fantasy,A revenge mission becomes a fight to save the world from an ancient threat when superpowered assassin Kai tracks a killer to Bangkok.,2022-02-17,94.0,Roel Reiné,Iko Uwais,Lewis Tan,Lawrence Kao
29,Uncharted,"Ruben Fleischer (director); Rafe Judkins, Art Marcum, Matt Holloway (screenplay); Tom Holland, Mark Wahlberg, Sophia Ali, Tati Gabrielle, Antonio Banderas",Action Adventure,"A young street-smart, Nathan Drake and his wisecracking partner Victor “Sully” Sullivan embark on a dangerous pursuit of “the greatest treasure never found” while also tracking clues that may lead to Nathan’s long-lost brother.",2022-02-10,116.0,Ruben Fleischer,Tom Holland,Mark Wahlberg,Sophia Ali
30,Dog,"Reid Carolin, Channing Tatum (directors); Reid Carolin (screenplay); Channing Tatum, Jane Adams, Kevin Nash, Q'orianka Kilcher, Ethan Suplee, Emmy Raver-Lampman, Nicole LaLiberte",Drama Comedy,An army ranger and his dog embark on a road trip along the Pacific Coast Highway to attend a friend's funeral.,2022-02-17,102.0,"Reid Carolin, Channing Tatum",Channing Tatum,Jane Adams,Kevin Nash
31,Texas Chainsaw Massacre,"David Blue Garcia (director); Chris Thomas Devlin (screenplay); Sarah Yarkin, Elsie Fisher, Mark Burham, Moe Dunford, Nell Hudson, Jessica Allian, Olwen Fouéré, Jacob Latimore, Alice Krige",Horror Thriller,"In this sequel, influencers looking to breathe new life into a Texas ghost town encounter Leatherface, an infamous killer who wears a mask of human skin.",2022-02-18,83.0,David Blue Garcia,Sarah Yarkin,Elsie Fisher,Mark Burham
32,The Cursed,"Sean Ellis (director/screenplay); Boyd Holbrook, Kelly Reilly, Alistair Petrie",Horror Fantasy Mystery,"In the late 19th century, a brutal land baron slaughters a Roma clan, unleashing a curse on his family and village. In the days that follow, the townspeople are plagued by nightmares, the baron's son goes missing, and a boy is found murdered. The locals suspect a wild animal, but a visiting pathologist warns of a more sinister presence lurking in the woods.",2021-07-28,111.0,Sean Ellis,Boyd Holbrook,Kelly Reilly,Alistair Petrie
33,A Fairy Tale After All,"Erik Peter Carlson (director/screenplay); Emily Shenaut, Brian Hull, Gabriel Burrafato, Bridget Winder, Timothy N. Kopacz, Anna Brisbin",Fantasy Family,A stubborn teenage girl finds herself confronted by whimsical characters when she is transported into a world of fantasy and fairy tales while attending a school marionette show.,2022-02-18,72.0,Erik Peter Carlson,Emily Shenaut,Brian Hull,Gabriel Burrafato
34,Cyrano,"Joe Wright (director); Erica Schmidt (screenplay); Peter Dinklage, Haley Bennett, Kelvin Harrison Jr., Ben Mendelsohn",Drama Romance,"A man ahead of his time, Cyrano de Bergerac dazzles whether with ferocious wordplay at a verbal joust or with brilliant swordplay in a duel. But, convinced that his appearance renders him unworthy of the love of a devoted friend, the luminous Roxanne, Cyrano has yet to declare his feelings for her—and Roxanne has fallen in love, at first sight, with Christian.",2022-01-06,124.0,Joe Wright,Peter Dinklage,Haley Bennett,Kelvin Harrison Jr.
35,Studio 666,"BJ McDonell (director); Jeff Buhler, Rebecca Hughes (screenplay); Dave Grohl, Taylor Hawkins, Nate Mendel, Pat Smear, Chris Shiflett, Rami Jaffe, Whitney Cummings, Leslie Grossman, Will Forte, Jenna Ortega, Jeff Garlin",Comedy Horror Music,"Legendary rock band Foo Fighters move into an Encino mansion steeped in grisly rock and roll history to record their much anticipated 10th album. Once in the house, Dave Grohl finds himself grappling with supernatural forces that threaten both the completion of the album and the lives of the band.",2022-02-24,106.0,BJ McDonell,Dave Grohl,Taylor Hawkins,Nate Mendel
36,A Madea Homecoming,"Tyler Perry (director/screenplay); Tyler Perry, Cassi Davis, David Mann, Tamela Mann, Gabrielle Dennis, Brendan O'Carroll",Comedy,Madea's back - hallelujer! And she's not putting up with any nonsense as family drama erupts at her great-grandson's college graduation celebration.,2022-02-25,105.0,Tyler Perry,Tyler Perry,Cassi Davis,David Mann
37,No Exit,"Damien Power (director); Andrew Barrer, Gabriel Ferrari (screenplay); Havana Rose Liu, Danny Ramirez, Dennis Haysbert",Horror Thriller,"Stranded at a rest stop in the mountains during a blizzard, a recovering addict discovers a kidnapped child hidden in a car belonging to one of the people inside the building which sets her on a terrifying struggle to identify who among them is the kidnapper.",2022-02-25,96.0,Damien Power,Havana Rose Liu,Danny Ramirez,Dennis Haysbert
38,Gasoline Alley,"Edward John Drake (director); Tom Sierchio (screenplay); Bruce Willis, Luke Wilson, Devon Sawa",Thriller Crime Mystery,"A man implicated in the triple homicide of three Hollywood starlets begins his own investigation. Needing assistance, he enlists the two detectives on his tail in order to expose a conspiracy more explosive than any of them imagined.",2022-02-25,97.0,Edward John Drake,Bruce Willis,Luke Wilson,Devon Sawa
39,The Batman,"Matt Reeves (director/screenplay); Peter Craig (screenplay); Robert Pattinson, Zoë Kravitz, Paul Dano, Jeffrey Wright, John Turturro, Peter Sarsgaard, Barry Keoghan, Andy Serkis, Colin Farrell",Crime Mystery Thriller,"In his second year of fighting crime, Batman uncovers corruption in Gotham City that connects to his own family while facing a serial killer known as the Riddler.",2022-03-01,176.0,Matt Reeves,Robert Pattinson,Zoë Kravitz,Paul Dano
40,After Yang,"Kogonada (writer/director); Colin Farrell, Jodie Turner-Smith, Justin H. Min, Malea Emma Tjandrawidjaja, Haley Lu Richardson, Ritchie Coster, Sarita Choudhury, Clifton Collins Jr.",Drama Science Fiction,"When his young daughter's beloved companion — an android named Yang — malfunctions, Jake searches for a way to repair him. In the process, Jake discovers the life that has been passing in front of him, reconnecting with his wife and daughter across a distance he didn't know was there.",2022-03-04,96.0,"Kogonada (writer/director); Colin Farrell, Jodie Turner-Smith, Justin H. Min, Malea Emma Tjandrawidjaja, Haley Lu Richardson, Ritchie Coster, Sarita Choudhury, Clifton Collins Jr.",Kogonada (writer/director); Colin Farrell,Jodie Turner-Smith,Justin H. Min
41,Fresh,"Mimi Cave (director); Lauryn Kahn (screenplay); Daisy Edgar-Jones, Sebastian Stan, Jonica T. Gibbs, Charlotte Le Bon, Andrea Bang, Dayo Okeniyi",Thriller Horror Romance,"Frustrated by scrolling dating apps only to end up on lame, tedious dates, Noa takes a chance by giving her number to the awkwardly charming Steve after a produce-section meet-cute at the grocery store.",2022-03-03,114.0,Mimi Cave,Daisy Edgar-Jones,Sebastian Stan,Jonica T. Gibbs
42,A Day to Die,"Wes Miller (director); Rab Berry, Scott Mallace (screenplay); Kevin Dillon, Bruce Willis, Frank Grillo",Action Thriller Crime,"A disgraced parole officer is indebted to a local gang leader and forced to pull off a series of dangerous drug heists within twelve hours in order to pay the $2 million dollars he owes, rescue his kidnapped pregnant wife, and settle a score with the city's corrupt police chief, who is working with the gang leader and double-crossed him years ago.",2022-03-04,101.0,Wes Miller,Kevin Dillon,Bruce Willis,Frank Grillo
43,The Adam Project,"Shawn Levy (director); Jonathan Tropper, T.S. Nowlin, Jennifer Flackett, Mark Levin (screenplay); Ryan Reynolds, Mark Ruffalo, Jennifer Garner, Walker Scobell, Catherine Keener, Zoe Saldana",Action Adventure Comedy Science Fiction,"After accidentally crash-landing in 2022, time-traveling fighter pilot Adam Reed teams up with his 12-year-old self on a mission to save the future.",2022-03-11,106.0,Shawn Levy,Ryan Reynolds,Mark Ruffalo,Jennifer Garner
44,Turning Red,"Domee Shi (director/screenplay); Julia Cho (screenplay); Rosalie Chiang, Sandra Oh, Ava Morse, Hyein Park, Maitreyi Ramakrishnan, Orion Lee, Wai Ching Ho, Tristan Allerick Chen, James Hong",Animation Family Comedy Fantasy,"Thirteen-year-old Mei is experiencing the awkwardness of being a teenager with a twist – when she gets too excited, she transforms into a giant red panda.",2022-03-10,100.0,Domee Shi,Rosalie Chiang,Sandra Oh,Ava Morse
45,Tyson's Run,"Kim Bass (director/screenplay); Rory Cochrane, Amy Smart, Major Dodson, Barkhad Abdi",Drama,An unathletic boy with autism strives to become an unlikely marathon champion giving his unfulfilled father purpose and a second chance at putting his family first.,2022-03-04,,Kim Bass,Rory Cochrane,Amy Smart,Major Dodson
46,Rescued by Ruby,"Katt Shea (director); Karen Kanszen (screenplay); Grant Gustin, Scott Wolf, Kaylah Zander",Family Drama,"Chasing his dream to join an elite K-9 unit, a state trooper partners with a fellow underdog: clever but naughty shelter pup Ruby. Based on a true story.",2022-03-17,93.0,Katt Shea,Grant Gustin,Scott Wolf,Kaylah Zander
47,Deep Water,"Adrian Lyne (director); Zach Helm, Sam Levinson (screenplay); Ben Affleck, Ana de Armas, Tracy Letts, Lil Rel Howery, Dash Mihok, Finn Wittrock, Kristen Connolly, Jacob Elordi",Drama Mystery Thriller,"Vic and Melinda Van Allen are a couple in the small town of Little Wesley. Their loveless marriage is held together only by a precarious arrangement whereby, in order to avoid the messiness of divorce, Melinda is allowed to take any number of lovers as long as she does not desert her family.",2022-03-18,116.0,Adrian Lyne,Ben Affleck,Ana de Armas,Tracy Letts
48,Cheaper by the Dozen,"Gail Lerner (director); Kenya Barris, Jenifer Rice-Genzuk Henry (screenplay); Gabrielle Union, Zach Braff, Erika Christensen",Family Comedy,"This remake of the beloved classic follows the raucous exploits of a blended family of 12, the Bakers, as they navigate a hectic home life while simultaneously managing their family business.",2022-03-18,107.0,Gail Lerner,Gabrielle Union,Zach Braff,Erika Christensen
49,The Outfit,"Graham Moore (director/screenplay); Johnathan McClain (screenplay); Mark Rylance, Zoey Deutch, Johnny Flynn, Dylan O'Brien, Nikki Amuka-Bird, Simon Russell Beale",Drama Thriller Crime,"Leonard is an English tailor who used to craft suits on London’s world-famous Savile Row. After a personal tragedy, he’s ended up in Chicago, operating a small tailor shop in a rough part of town where he makes beautiful clothes for the only people around who can afford them: a family of vicious gangsters.",2022-02-25,105.0,Graham Moore,Mark Rylance,Zoey Deutch,Johnny Flynn
50,Windfall,"Charlie McDowell (director); Justin Lader, Andrew Kevin Walker (screenplay); Lily Collins, Jesse Plemons, Jason Segel",Crime Drama Thriller,"A man breaks into a tech billionaire's empty vacation home, but things go sideways when the arrogant mogul and his wife arrive for a last-minute getaway.",2022-03-11,92.0,Charlie McDowell,Lily Collins,Jesse Plemons,Jason Segel
51,X,"Ti West (director/screenplay); Mia Goth, Jenna Ortega, Martin Henderson, Brittany Snow, Owen Campbell, Stephen Ure, Scott Mescudi",Horror Mystery Thriller,"In 1979, a group of young filmmakers set out to make an adult film in rural Texas, but when their reclusive, elderly hosts catch them in the act, the cast find themselves fighting for their lives.",2022-03-17,106.0,Ti West,Mia Goth,Jenna Ortega,Martin Henderson
52,Umma,"Iris K. Shim (director/screenplay); Sandra Oh, Fivel Stewart, MeeWha Alana Lee, Tom Yi, Odeya Rush, Dermot Mulroney",Horror Mystery,"Amanda and her daughter live a quiet life on an American farm, but when the remains of her estranged mother arrive from Korea, Amanda becomes haunted by the fear of turning into her own mother.",2022-03-18,83.0,Iris K. Shim,Sandra Oh,Fivel Stewart,MeeWha Alana Lee
53,Alice,"Krystin Ver Linden (director/screenplay); Keke Palmer, Common, Gaius Charles, Jonny Lee Miller",Family Fantasy Adventure,"Alice, now 19 years old, returns to the whimsical world she first entered as a child and embarks on a journey to discover her true destiny.",2010-03-03,108.0,Krystin Ver Linden,Keke Palmer,Common,Gaius Charles
54,Master,"Mariama Diallo (director/screenplay); Regina Hall, Zoe Renee, Amber Gray",Horror Thriller Drama Mystery,"At an elite New England university built on the site of a Salem-era gallows hill, two black women strive to find their place. Navigating politics and privilege, they encounter increasingly terrifying manifestations of the school's haunted past… and present.",2022-03-18,98.0,Mariama Diallo,Regina Hall,Zoe Renee,Amber Gray
55,Measure of Revenge,"Peyfa (director); Kenny Walakandou (screenplay); Bella Thorne, Melissa Leo, Roma Maffia, Jake Weary, Adrian Martinez",Mystery Thriller Crime,"Theater actress Lillian Cooper's son dies mysteriously. When the investigating officer rules the cause of death an accidental overdose, Lillian conducts her own investigation which leads her to an unlikely alliance with her son's former drug dealer. On her quest for answers, Lillian hallucinates some of the iconic characters she's played on stage which serve as her inner voice, urging her to avenge her son's death.",2022-03-18,92.0,Peyfa,Bella Thorne,Melissa Leo,Roma Maffia
56,The Lost City,"Aaron Nee, Adam Nee (directors/screenplay); Oren Uziel, Dana Fox (screenplay); Sandra Bullock, Channing Tatum, Daniel Radcliffe, Da'Vine Joy Randolph, Brad Pitt",Action Adventure Comedy Romance,"Follows a reclusive romance novelist who was sure nothing could be worse than getting stuck on a book tour with her cover model, until a kidnapping attempt sweeps them both into a cutthroat jungle adventure, proving life can be so much stranger, and more romantic, than any of her paperback fictions.",2022-03-24,112.0,"Aaron Nee, Adam Nee (directors/screenplay); Oren Uziel, Dana Fox (screenplay); Sandra Bullock, Channing Tatum, Daniel Radcliffe, Da'Vine Joy Randolph, Brad Pitt",Sandra Bullock,Channing Tatum,Daniel Radcliffe
57,Everything Everywhere All at Once,"Daniel Kwan, Daniel Scheinert (directors/screenplay); Michelle Yeoh, Stephanie Hsu, Ke Huy Quan, Jenny Slate, Harry Shum Jr., James Hong, Jamie Lee Curtis",Action Science Fiction Comedy,"An aging Chinese immigrant is swept up in an insane adventure, where she alone can save what's important to her by connecting with the lives she could have led in other universes.",2022-03-24,139.0,"Daniel Kwan, Daniel Scheinert (directors/screenplay); Michelle Yeoh, Stephanie Hsu, Ke Huy Quan, Jenny Slate, Harry Shum Jr., James Hong, Jamie Lee Curtis",Michelle Yeoh,Stephanie Hsu,Ke Huy Quan
58,Infinite Storm,"Małgorzata Szumowska, Michał Englert (directors); Josh Rollins (screenplay); Naomi Watts, Billy Howle, Sophie Okonedo, Denis O'Hare, Parker Sawyers",Drama Thriller,One woman's journey for self-discovery and turns into a harrowing tale of survival.,2022-03-25,97.0,"Małgorzata Szumowska, Michał Englert",Naomi Watts,Billy Howle,Sophie Okonedo
59,7 Days,"Roshan Sethi (director/screenplay); Karan Soni (screenplay); Karan Soni, Geraldine Viswanathan, Mark Duplass",Thriller Drama Crime,"In 1976, four hijackers take over an Air France airplane en route from Tel Aviv to Paris and force it to land in Entebbe, Uganda. With 248 passengers on board, one of the most daring rescue missions ever is set in motion.",2018-03-15,107.0,Roshan Sethi,Karan Soni,Geraldine Viswanathan,Mark Duplass
60,Moonshot,"Chris Winterbauer (director); Max Taxe (screenplay); Cole Sprouse, Lana Condor, Mason Gooding, Emily Rudd, Zach Braff",Comedy Romance Science Fiction,"In a future where Mars is terraformed and colonized by the best humanity has to offer, two very different college students wind up joining forces and sneak onboard a space shuttle to the red planet in order to be united with their significant others.",2022-05-05,104.0,Chris Winterbauer,Cole Sprouse,Lana Condor,Mason Gooding
61,Morbius,"Daniel Espinosa (director); Matt Sazama, Burk Sharpless (screenplay); Jared Leto, Matt Smith, Adria Arjona, Jared Harris, Al Madrigal, Tyrese Gibson",Action Science Fiction Fantasy,"Dangerously ill with a rare blood disorder, and determined to save others suffering his same fate, Dr. Michael Morbius attempts a desperate gamble. What at first appears to be a radical success soon reveals itself to be a remedy potentially worse than the disease.",2022-03-30,104.0,Daniel Espinosa,Jared Leto,Matt Smith,Adria Arjona
62,The Bubble,"Judd Apatow (director/screenplay); Pam Brady (screenplay); Karen Gillan, Iris Apatow, Fred Armisen, Maria Bakalova, David Duchovny, Keegan-Michael Key, Leslie Mann, Kate McKinnon, Pedro Pascal, Peter Serafinowicz",Comedy,Sneaking out. Hooking up. Melting down. The cast and crew of a blockbuster action franchise attempt to shoot a sequel while quarantining at a posh hotel.,2022-03-25,126.0,Judd Apatow,Karen Gillan,Iris Apatow,Fred Armisen
63,The Contractor,"Tarik Saleh (director); J. P. Davis (screenplay); Chris Pine, Ben Foster, Gillian Jacobs, Eddie Marsan, J. D. Pardo, Florian Munteanu, Kiefer Sutherland",Action Thriller,"After being involuntarily discharged from the U.S. Special Forces, James Harper decides to support his family by joining a private contracting organization alongside his best friend and under the command of a fellow veteran. Overseas on a covert mission, Harper must evade those trying to kill him while making his way back home.",2022-03-10,103.0,Tarik Saleh,Chris Pine,Ben Foster,Gillian Jacobs
64,Better Nate Than Ever,"Tim Federle (director, screenplay); Rueby Wood, Joshua Bassett, Aria Brooks, Lisa Kudrow, Norbert Leo Butz",Music Family Comedy,"13-year-old Nate Foster has big Broadway dreams but there’s only one problem — he can’t even land a part in the school play. When his parents leave town, Nate and his best friend Libby sneak off to the Big Apple for a once-in-a-lifetime opportunity to prove everyone wrong. A chance encounter with Nate’s long-lost Aunt Heidi turns his journey upside-down, and together they must learn that life’s greatest adventures are only as big as your dreams.",2022-03-15,92.0,"Tim Federle (director, screenplay); Rueby Wood, Joshua Bassett, Aria Brooks, Lisa Kudrow, Norbert Leo Butz",Rueby Wood,Joshua Bassett,Aria Brooks
65,Apollo 10 1⁄2: A Space Age Childhood,"Richard Linklater (director/screenplay); Glen Powell, Zachary Levi, Milo Coy, Jack Black",Animation Comedy Science Fiction Adventure,"A man narrates stories of his life as a 10-year-old boy in 1969 Houston, weaving tales of nostalgia with a fantastical account of a journey to the moon.",2022-03-24,98.0,Richard Linklater,Glen Powell,Zachary Levi,Milo Coy
66,Sonic the Hedgehog 2,"Jeff Fowler (director); Patrick Casey, Josh Miller, John Whittington (screenplay); James Marsden, Ben Schwartz, Tika Sumpter, Natasha Rothwell, Adam Pally, Shemar Moore, Colleen O'Shaughnessey, Lee Majdoub, Idris Elba, Jim Carrey",Action Science Fiction Comedy Family,"After settling in Green Hills, Sonic is eager to prove he has what it takes to be a true hero. His test comes when Dr. Robotnik returns, this time with a new partner, Knuckles, in search for an emerald that has the power to destroy civilizations. Sonic teams up with his own sidekick, Tails, and together they embark on a globe-trotting journey to find the emerald before it falls into the wrong hands.",2022-03-30,122.0,Jeff Fowler,James Marsden,Ben Schwartz,Tika Sumpter
67,Ambulance,"Michael Bay (director); Chris Fedak (screenplay); Jake Gyllenhaal, Yahya Abdul-Mateen II, Eiza González",Action Crime Thriller,"Decorated veteran Will Sharp, desperate for money to cover his wife's medical bills, asks for help from his adoptive brother Danny. A charismatic career criminal, Danny instead offers him a score: the biggest bank heist in Los Angeles history: $32 million.",2022-03-16,136.0,Michael Bay,Jake Gyllenhaal,Yahya Abdul-Mateen II,Eiza González
68,All the Old Knives,"Janus Metz Pedersen (director); Olen Steinhauer (screenplay); Chris Pine, Thandiwe Newton, Laurence Fishburne, Jonathan Pryce",Thriller Action,"When the CIA discovers one of its agents leaked information that cost more than 100 people their lives, veteran operative Henry Pelham is assigned to root out the mole with his former lover and colleague Celia Harrison.",2022-04-08,102.0,Janus Metz Pedersen,Chris Pine,Thandiwe Newton,Laurence Fishburne
69,Metal Lords,"Peter Sollett (director); D.B. Weiss (screenplay); Jaeden Martell, Isis Hainsworth, Adrian Greensmith, Brett Gelman, Joe Manganiello",Comedy Drama Music,"For teenage misfits Hunter and Kevin, the path to glory is clear: Devote themselves to metal. Win Battle of the Bands. And be worshipped like gods.",2022-04-08,97.0,Peter Sollett,Jaeden Martell,Isis Hainsworth,Adrian Greensmith
70,Father Stu,"Rosalind Ross (director/screenplay); Mark Wahlberg, Mel Gibson, Jacki Weaver, Teresa Ruiz",Drama,"The true-life story of boxer-turned-priest, Father Stuart Long, whose journey from self-destruction to redemption inspired countless people along the way.",2022-04-13,124.0,Rosalind Ross,Mark Wahlberg,Mel Gibson,Jacki Weaver
71,Fantastic Beasts: The Secrets of Dumbledore,"David Yates (director); J. K. Rowling, Steve Kloves (screenplay); Eddie Redmayne, Jude Law, Ezra Miller, Dan Fogler, Alison Sudol, Callum Turner, Jessica Williams, Katherine Waterston, Mads Mikkelsen",Fantasy Adventure,"Professor Albus Dumbledore knows the powerful, dark wizard Gellert Grindelwald is moving to seize control of the wizarding world. Unable to stop him alone, he entrusts magizoologist Newt Scamander to lead an intrepid team of wizards and witches. They soon encounter an array of old and new beasts as they clash with Grindelwald's growing legion of followers.",2022-04-06,142.0,David Yates,Eddie Redmayne,Jude Law,Ezra Miller
72,Dual,"Riley Stearns (director/screenplay); Karen Gillan, Beulah Koale, Theo James, Aaron Paul",Science Fiction Comedy Thriller,"A terminally ill woman opts for a cloning procedure to ease her loss on her friends and family. When she makes a miraculous recovery, her attempts to have her clone decommissioned fail and lead to a court-mandated duel to the death.",2022-03-18,95.0,Riley Stearns,Karen Gillan,Beulah Koale,Theo James
73,Choose or Die,"Toby Meakins (director); Simon Allen (screenplay); Asa Butterfield, Iola Evans, Eddie Marsan, Robert Englund",Horror Thriller Drama,"In pursuit of an unclaimed $125,000 prize, a broke college dropout decides to play an obscure, 1980s survival computer game. But the game curses her, and she’s faced with dangerous choices and reality-warping challenges. After a series of unexpectedly terrifying moments, she realizes she’s no longer playing for the money but for her life.",2022-04-15,85.0,Toby Meakins,Asa Butterfield,Iola Evans,Eddie Marsan
74,The Bad Guys,"Pierre Perifel (director); Etan Cohen (screenplay); Sam Rockwell, Marc Maron, Craig Robinson, Anthony Ramos, Awkwafina, Richard Ayoade, Zazie Beetz, Lilly Singh, Alex Borstein",Animation Comedy Action Family Crime,"When the infamous Bad Guys are finally caught after years of countless heists and being the world’s most-wanted villains, Mr. Wolf brokers a deal to save them all from prison.",2022-03-17,100.0,Pierre Perifel,Sam Rockwell,Marc Maron,Craig Robinson
75,The Unbearable Weight of Massive Talent,"Tom Gormican (director/screenplay); Kevin Etten (screenplay); Nicolas Cage, Pedro Pascal, Sharon Horgan, Ike Barinholtz, Alessandra Mastronardi, Jacob Scipio, Neil Patrick Harris, Tiffany Haddish",Action Comedy Crime,"Creatively unfulfilled and facing financial ruin, Nick Cage must accept a $1 million offer to attend the birthday of a dangerous superfan. Things take a wildly unexpected turn when Cage is recruited by a CIA operative and forced to live up to his own legend, channeling his most iconic and beloved on-screen characters in order to save himself and his loved ones.",2022-04-20,107.0,Tom Gormican,Nicolas Cage,Pedro Pascal,Sharon Horgan
76,The Northman,"Robert Eggers (director/screenplay); Sjón (screenplay); Alexander Skarsgård, Nicole Kidman, Claes Bang, Anya Taylor-Joy, Ethan Hawke, Björk, Willem Dafoe",Action Adventure Drama,"Prince Amleth is on the verge of becoming a man when his father is brutally murdered by his uncle, who kidnaps the boy's mother. Two decades later, Amleth is now a Viking who's on a mission to save his mother, kill his uncle and avenge his father.",2022-04-07,137.0,Robert Eggers,Alexander Skarsgård,Nicole Kidman,Claes Bang
77,Polar Bear,Alastair Fothergill (director); Jeff Wilson (co-director); Catherine Keener,Documentary,Tells the story of a new mother whose memories of her own youth prepare her to navigate motherhood in the increasingly challenging world that polar bears face today.,2022-04-22,84.0,Alastair Fothergill,Alastair Fothergill (director); Jeff Wilson (co-director); Catherine Keener,,
78,The Survivor,"Barry Levinson (director); Justine Juel Gillmer (screenplay); Ben Foster, Vicky Krieps, Billy Magnussen, Peter Sarsgaard, John Leguizamo, Danny DeVito",Drama History,"Harry Haft is a boxer who fought fellow prisoners in the concentration camps to survive. Haunted by the memories and his guilt, he attempts to use high-profile fights against boxing legends like Rocky Marciano as a way to find his first love again.",2021-11-04,129.0,Barry Levinson,Ben Foster,Vicky Krieps,Billy Magnussen
79,Memory,"Martin Campbell (director); Dario Scardapane (screenplay); Liam Neeson, Guy Pearce, Monica Bellucci, Harold Torres, Taj Atwal, Ray Fearon",Mystery Thriller Action Crime,"Alex, an assassin-for-hire, finds that he's become a target after he refuses to complete a job for a dangerous criminal organization. With the crime syndicate and FBI in hot pursuit, Alex has the skills to stay ahead, except for one thing: he is struggling with severe memory loss, affecting his every move. Alex must question his every action and whom he can ultimately trust.",2022-04-28,114.0,Martin Campbell,Liam Neeson,Guy Pearce,Monica Bellucci
80,Green Ghost and the Masters of the Stone,"Michael D. Olmos (director/screenplay); Charlie Clark, Brian Douglas (screenplay); Charlie Clark, Kuno Becker, Marko Zaror, Renée Victor, Danny Trejo",Action Fantasy Comedy,"In a Texas border town, car salesman Charlie moonlights as a masked Lucha libre wrestler going by the name “Green Ghost.” When unknown assailants arrive seeking an otherworldly emerald, Charlie discovers that he has super powers. As he learns to fight from the unconventional Master Gin, Charlie is told that he’s part of a secret warrior “triad of light” with his childhood friend Marco and Marco’s sister Karina led by La Nana. Together, they’ve been chosen to protect humanity from Drake, the embodiment of the Mayan apocalypse.",2022-04-29,,Michael D. Olmos,Charlie Clark,Kuno Becker,Marko Zaror
81,Doctor Strange in the Multiverse of Madness,"Sam Raimi (director); Michael Waldron (screenplay); Benedict Cumberbatch, Elizabeth Olsen, Chiwetel Ejiofor, Benedict Wong, Xochitl Gomez, Michael Stuhlbarg, Rachel McAdams",Fantasy Action Adventure,"Doctor Strange, with the help of mystical allies both old and new, traverses the mind-bending and dangerous alternate realities of the Multiverse to confront a mysterious new adversary.",2022-05-04,126.0,Sam Raimi,Benedict Cumberbatch,Elizabeth Olsen,Chiwetel Ejiofor
82,Marmaduke,"Mark A.Z. Dippé (director); Byron Kavanagh (screenplay); Pete Davidson, J. K. Simmons, David Koechner",Family Comedy,"When Phil and Debbie Winslow relocate from their native Kansas to the sunny climes of Orange County, their big-hearted, havoc-wreaking Great Dane gets a taste of the dog's life, California-style.",2010-06-04,87.0,Mark A.Z. Dippé,Pete Davidson,J. K. Simmons,David Koechner
83,Along for the Ride,"Sofia Alvarez (director/screenplay); Emma Pasarow, Belmont Cameli, Kate Bosworth, Andie MacDowell, Dermot Mulroney",Romance Drama,"The summer before college Auden meets the mysterious Eli, a fellow insomniac. While the seaside town of Colby sleeps, the two embark on a nightly quest to help Auden experience the fun, carefree teen life she never knew she wanted.",2022-05-06,106.0,Sofia Alvarez,Emma Pasarow,Belmont Cameli,Kate Bosworth
84,Firestarter,"Keith Thomas (director); Scott Teems (screenplay); Zac Efron, Ryan Kiera Armstrong, Sydney Lemmon, Michael Greyeyes, Kurtwood Smith",Thriller Fantasy Horror,A girl with extraordinary pyrokinetic powers fights to protect her family and herself from sinister forces that seek to capture and control her.,2022-05-12,,Keith Thomas,Zac Efron,Ryan Kiera Armstrong,Sydney Lemmon
85,Senior Year,"Alex Hardcastle (director); Arthur Pielli, Andrew Knauer, Brandon Scott Jones (screenplay); Rebel Wilson, Justin Hartley, Angourie Rice, Sam Richardson, Zoë Chao, Mary Holland, Chris Parnell, Alicia Silverstone",Comedy,A thirty-seven-year-old woman wakes up from a twenty-year coma and returns to the high school where she was once a popular cheerleader to finish her senior year and become prom queen.,2022-05-13,111.0,Alex Hardcastle,Rebel Wilson,Justin Hartley,Angourie Rice
86,Sneakerella,"Elizabeth Allen Rosenbaum (director); David Light, Joseph Raso, Tamara Chestna, Mindy Stern, George Gore II (screenplay); Chosen Jacobs, Lexi Underwood, John Salley, Juan Chioran",Comedy Family,"When El, an aspiring sneaker designer from Queens, meets Kira King, the fiercely independent daughter of legendary basketball star and sneaker tycoon Darius King, sparks fly as the two bond over their mutual affinity for sneakers. With a little nudge from his best friend and a sprinkle of Fairy Godfather magic, El finds the courage to use his talent to pursue his dream of becoming a ‘legit’ sneaker designer in the industry.",2022-05-13,,Elizabeth Allen Rosenbaum,Chosen Jacobs,Lexi Underwood,John Salley
87,Montana Story,"Scott McGehee, David Siegel (directors/screenplay); Haley Lu Richardson, Owen Teague",Drama,Follows two estranged siblings as they return home to the sprawling ranch they once knew and loved.,2022-05-02,113.0,"Scott McGehee, David Siegel (directors/screenplay); Haley Lu Richardson, Owen Teague",Haley Lu Richardson,Owen Teague,
88,Family Camp,"Brian Cates (director/screenplay); Rene Gutteridge (screenplay); Leigh-Allyn Baker, Mark Christopher Lawrence",Comedy Family,"When workaholic Tommy's wife insists that he spend more time with his family, he agrees to sign up for Family Camp. What Tommy didn't count on was being forced to share a yurt at camp with the larger-than-life Sanders family.",2022-05-13,,Brian Cates,Leigh-Allyn Baker,Mark Christopher Lawrence,
89,Downton Abbey: A New Era,"Simon Curtis (director); Julian Fellowes (screenplay); Hugh Bonneville, Jim Carter, Michelle Dockery, Elizabeth McGovern, Maggie Smith, Imelda Staunton, Penelope Wilton, Hugh Dancy, Laura Haddock, Nathalie Baye, Dominic West",Drama History Romance,The residents of Downton Abbey go on a new adventure that takes them to a Spanish villa.,2022-04-27,125.0,Simon Curtis,Hugh Bonneville,Jim Carter,Michelle Dockery
90,Chip 'n Dale: Rescue Rangers,"Akiva Schaffer (director); Dan Gregor, Doug Mand (screenplay); John Mulaney, Andy Samberg, Will Arnett, Eric Bana, Keegan-Michael Key, Seth Rogen, J. K. Simmons, KiKi Layne",Comedy Animation Family Adventure Action,"Decades since their successful television series was canceled, Chip has succumbed to a life of suburban domesticity as an insurance salesman. Dale, meanwhile, has had CGI surgery and works the nostalgia convention circuit, desperate to relive his glory days. When a former cast mate mysteriously disappears, Chip and Dale must repair their broken friendship and take on their Rescue Rangers detective personas once again to save their friend’s life.",2022-05-20,,Akiva Schaffer,John Mulaney,Andy Samberg,Will Arnett
91,Men,"Alex Garland (director/screenplay); Jessie Buckley, Rory Kinnear, Paapa Essiedu",Action Adventure Science Fiction Fantasy,"After the re-emergence of the world's first mutant, world-destroyer Apocalypse, the X-Men must unite to defeat his extinction level plan.",2016-05-18,144.0,Alex Garland,Jessie Buckley,Rory Kinnear,Paapa Essiedu
92,Good Mourning,"Colson Baker, Mod Sun (directors/screenplay); Colson Baker, Mod Sun, Becky G, Pete Davidson, Dove Cameron, Whitney Cummings, Jenna Boyd, Zach Villa, Megan Fox",Comedy,"London Ransom, a movie star, gets his world turned upside down when he must choose between pursuing his one true love and landing a life-changing, starring role in a major motion picture.",2022-05-20,,"Colson Baker, Mod Sun (directors/screenplay); Colson Baker, Mod Sun, Becky G, Pete Davidson, Dove Cameron, Whitney Cummings, Jenna Boyd, Zach Villa, Megan Fox",Colson Baker,Mod Sun,Becky G
93,The Valet,"Richard Wong (director); Rob Greenberg, Bob Fisher (screenplay); Eugenio Derbez, Samara Weaving, Ravi Patel, Amaury Nolasco, John Pirruccello, Max Greenfield, Betsy Brandt, Marisol Nichols, Carmen Salinas",Comedy,"World famous movie star Olivia faces a PR disaster when a paparazzi snaps a photo of her with her married lover, Vincent. The hard-working valet Antonio accidentally appears in the same photo and is enlisted to pose as Olivia’s new boyfriend as a cover-up. This ruse with Olivia thrusts Antonio into the spotlight and unexpected chaos.",2022-05-20,,Richard Wong,Eugenio Derbez,Samara Weaving,Ravi Patel
94,Top Gun: Maverick,"Joseph Kosinski (director); Ehren Kruger, Eric Warren Singer, Christopher McQuarrie (screenplay); Tom Cruise, Miles Teller, Jennifer Connelly, Jon Hamm, Glen Powell, Lewis Pullman, Ed Harris, Val Kilmer",Action Drama,"After more than thirty years of service as one of the Navy's top aviators, Pete Mitchell is where he belongs, pushing the envelope as a courageous test pilot and dodging the advancement in rank that would ground him.",2022-05-25,131.0,Joseph Kosinski,Tom Cruise,Miles Teller,Jennifer Connelly
95,The Bob's Burgers Movie,"Loren Bouchard, Bernard Derriman (directors); Loren Bouchard, Nora Smith (screenplay); H. Jon Benjamin, Dan Mintz, Eugene Mirman, Larry Murphy, John Roberts, Kristen Schaal, Zach Galifianakis, Kevin Kline",Animation Adventure Comedy,"When a ruptured water main creates an enormous sinkhole right in front of Bob's Burgers, it blocks the entrance indefinitely and ruins the Belchers’ plans for a successful summer. While Bob and Linda struggle to keep the business afloat, the kids try to solve a mystery that could save their family's restaurant. As the dangers mount, these underdogs help each other find hope and fight to get back behind the counter, where they belong.",2022-05-25,102.0,"Loren Bouchard, Bernard Derriman",H. Jon Benjamin,Dan Mintz,Eugene Mirman
96,Crimes of the Future,"David Cronenberg (director/screenplay); Viggo Mortensen, Léa Seydoux, Kristen Stewart, Scott Speedman",Science Fiction Horror Drama,"As the human species adapts to a synthetic environment, the body undergoes new transformations and mutations. With his partner Caprice, celebrity performance artist Saul Tenser publicly showcases the metamorphosis of his organs in avant-garde performances. Timlin, an investigator from the National Organ Registry, obsessively tracks their movements, which is when a mysterious group is revealed. Their mission – to use Saul’s notoriety to shed light on the next phase of human evolution.",2022-06-02,107.0,David Cronenberg,Viggo Mortensen,Léa Seydoux,Kristen Stewart
97,Benediction,"Terence Davies (director/screenplay); Jack Lowden, Peter Capaldi, Simon Russell Beale, Jeremy Irvine, Kate Phillips, Gemma Jones, Ben Daniels",Drama History War,"The story of soldier and poet Siegfried Sassoon (1886–1967), who was decorated for bravery on the Western Front, and is best remembered for his angry and compassionate poems about the First World War, which brought him public and critical acclaim. Avoiding the sentimentality and jingoism of many war poets, Sassoon wrote of the horror and brutality of trench warfare and contemptuously satirised generals, politicians, and churchmen for their incompetence and blind support of the war.",2021-12-23,137.0,Terence Davies,Jack Lowden,Peter Capaldi,Simon Russell Beale
98,Fire Island,"Andrew Ahn (director); Joel Kim Booster (screenplay); Joel Kim Booster, Bowen Yang, Margaret Cho",Comedy Romance,"Two gay best friends take a trip to the Pines, a hamlet on New York’s Fire Island that’s a hotspot for queer culture. Over the course of their vacation, they party with friends and develop flirtations with two other, significantly wealthier vacationers.",2022-06-03,,Andrew Ahn,Joel Kim Booster,Bowen Yang,Margaret Cho
99,Watcher,"Chloe Okuno (director); Zack Ford (screenplay); Maika Monroe, Karl Glusman, Burn Gorman",Mystery Thriller,"FBI agent Joel Campbell, burnt-out and shell-shocked after years spent chasing serial killers, flees L.A. to begin a new life for himself in Chicago. But five months later, Joel's best laid plans are abruptly cut short when his new hometown becomes the setting for some particularly gruesome murders--murders that could only have been committed by one man: David Allen Griffin. One of Joel's most elusive and cunning nemeses, Griffin has followed his former pursuer to Chicago in order to play a sadistic game of cat and mouse. Taunting Joel with photographs of his intended victims and leaving his crime scenes meticulously free of clues in order to keep the police at bay, Griffin derives as much pleasure out of watching Joel react to every movement as watching his victims die. But when Griffin moves into Joel's inner circle, Joel must quickly find some way to stop him before someone close to him becomes the next one to die.",2000-09-08,96.0,Chloe Okuno,Maika Monroe,Karl Glusman,Burn Gorman
100,Jurassic World Dominion,"Colin Trevorrow (director/screenplay); Emily Carmichael (screenplay); Chris Pratt, Bryce Dallas Howard, Sam Neill, Laura Dern, Jeff Goldblum, Mamoudou Athie, Scott Haze, Dichen Lachman, Campbell Scott, Isabella Sermon, Justice Smith, Omar Sy, Daniella Pineda, DeWanda Wise, BD Wong",Adventure Action Science Fiction Thriller,"Four years after Isla Nublar was destroyed, dinosaurs now live—and hunt—alongside humans all over the world. This fragile balance will reshape the future and determine, once and for all, whether human beings are to remain the apex predators on a planet they now share with history’s most fearsome creatures.",2022-06-08,146.0,Colin Trevorrow,Chris Pratt,Bryce Dallas Howard,Sam Neill
101,Hustle,"Jeremiah Zagar (director); Taylor Materne, Will Fetters (screenplay); Adam Sandler, Queen Latifah, Ben Foster, Robert Duvall",Comedy,"Two female scam artists, one low rent and the other high class, compete to swindle a naïve tech prodigy out of his fortune. A remake of the 1988 comedy ""Dirty Rotten Scoundrels.""",2019-05-09,94.0,Jeremiah Zagar,Adam Sandler,Queen Latifah,Ben Foster
102,The Father of the Bride,"Gaz Alazraki (director); Matt Lopez (screenplay); Andy García, Gloria Estefan, Adria Arjona, Isabela Merced, Diego Boneta",Romance Comedy,"A father coming to grips with his daughter’s upcoming wedding through the prism of multiple relationships within a big, sprawling Cuban-American family",2022-06-16,,Gaz Alazraki,Andy García,Gloria Estefan,Adria Arjona
103,Lightyear,"Angus MacLane (director/screenplay); Jason Headley (screenplay); Chris Evans, Keke Palmer, Dale Soules, Taika Waititi, Peter Sohn, Uzo Aduba, James Brolin, Mary McDonald-Lewis, Efren Ramirez, Isiah Whitlock Jr.",Animation Science Fiction Adventure Family Action Comedy,Legendary Space Ranger Buzz Lightyear embarks on an intergalactic adventure alongside a group of ambitious recruits and his robot companion Sox.,2022-06-16,,Angus MacLane,Chris Evans,Keke Palmer,Dale Soules
104,Spiderhead,"Joseph Kosinski (director); Rhett Reese, Paul Wernick (screenplay); Chris Hemsworth, Miles Teller, Jurnee Smollett",Action Science Fiction Thriller Crime Drama,"In the near future, two convicts confront their pasts in a facility run by a visionary who gives them emotion-altering drugs.",2022-06-17,105.0,Joseph Kosinski,Chris Hemsworth,Miles Teller,Jurnee Smollett
105,Cha Cha Real Smooth,"Cooper Raiff (director/screenplay); Cooper Raiff, Dakota Johnson, Raúl Castillo, Odeya Rush, Leslie Mann, Brad Garrett",Comedy Drama Romance,"Fresh out of college and stuck at his New Jersey home without a clear path forward, 22-year-old Andrew begins working as a party starter for bar/bat mitzvahs—where he strikes up a unique friendship with a young mom and her teenage daughter.",2022-06-17,107.0,Cooper Raiff,Cooper Raiff,Dakota Johnson,Raúl Castillo
106,Elvis,"Baz Luhrmann (director/screenplay); Sam Bromell, Craig Pearce, Jeremy Doner (screenplay); Austin Butler, Tom Hanks, Helen Thomson, Richard Roxburgh, Olivia DeJonge, Luke Bracey, Natasha Bassett, David Wenham, Kelvin Harrison Jr., Xavier Samuel, Kodi Smit-McPhee",Drama Music History,"The life story of Elvis Presley as seen through the complicated relationship with his enigmatic manager, Colonel Tom Parker.",2022-06-22,157.0,Baz Luhrmann,Austin Butler,Tom Hanks,Helen Thomson
107,The Black Phone,"Scott Derrickson (director/screenplay); C. Robert Cargill (screenplay); Ethan Hawke, Mason Thames, Madeleine McGraw, Jeremy Davies, James Ransone",Horror,"Finney Shaw, a shy but clever 13-year-old boy, is abducted by a sadistic killer and trapped in a soundproof basement where screaming is of little use. When a disconnected phone on the wall begins to ring, Finney discovers that he can hear the voices of the killer’s previous victims. And they are dead set on making sure that what happened to them doesn’t happen to Finney.",2022-06-22,102.0,Scott Derrickson,Ethan Hawke,Mason Thames,Madeleine McGraw
108,Marcel the Shell with Shoes On,"Dean Fleischer-Camp (director/screenplay); Jenny Slate, Nick Paley (screenplay); Jenny Slate, Rosa Salazar, Thomas Mann, Isabella Rossellini",Animation Adventure Comedy Family,"Marcel is an adorable one-inch-tall shell who ekes out a colorful existence with his grandmother Connie and their pet lint, Alan. Once part of a sprawling community of shells, they now live alone as the sole survivors of a mysterious tragedy. But when a documentary filmmaker discovers them amongst the clutter of his Airbnb, the short film he posts online brings Marcel millions of passionate fans, as well as unprecedented dangers and a new hope at finding his long-lost family.",2022-05-04,90.0,Dean Fleischer-Camp,Jenny Slate,Rosa Salazar,Thomas Mann
109,Press Play,"Greg Björkman (director/screenplay); James Bachelor (screenplay); Clara Rugaard, Lewis Pullman, Lyrica Okano, Christina Chang, Matt Walsh, Danny Glover",Romance Drama,"Laura and Harrison have the picture-perfect romance built on the foundation of a shared love of music. After a deadly accident, Laura gets the chance to save the love of her life when she discovers that their mixtape can transport her back in time.",2022-06-16,85.0,Greg Björkman,Clara Rugaard,Lewis Pullman,Lyrica Okano
110,Minions: The Rise of Gru,"Kyle Balda (director); Brian Lynch, Matthew Fogel (screenplay); Steve Carell, Taraji P. Henson, Michelle Yeoh, RZA, Jean-Claude Van Damme, Lucy Lawless, Dolph Lundgren, Danny Trejo, Russell Brand, Julie Andrews, Alan Arkin",Family Animation Action Adventure Comedy,"A fanboy of a supervillain supergroup known as the Vicious 6, Gru hatches a plan to become evil enough to join them, with the backup of his followers, the Minions.",2022-06-16,90.0,Kyle Balda,Steve Carell,Taraji P. Henson,Michelle Yeoh
111,The Forgiven,"John Michael McDonagh (director/screenplay); Ralph Fiennes, Jessica Chastain, Caleb Landry Jones, Christopher Abbott, Matt Smith",Thriller,"After the end of Apartheid, Archbishop Desmond Tutu meets with a brutal murderer seeking redemption.",2018-03-09,115.0,John Michael McDonagh,Ralph Fiennes,Jessica Chastain,Caleb Landry Jones
112,Thor: Love and Thunder,"Taika Waititi (director/screenplay); Jennifer Kaytin Robinson (screenplay); Chris Hemsworth, Natalie Portman, Tessa Thompson, Christian Bale, Chris Pratt, Jaimie Alexander, Pom Klementieff, Dave Bautista, Karen Gillan, Sean Gunn, Vin Diesel, Bradley Cooper, Jeff Goldblum, Russell Crowe",Adventure Fantasy Comedy,"Thor goes on a journey unlike anything he’s ever faced — a quest for inner peace. But his retirement is interrupted by a galactic killer known as Gorr the God Butcher, who seeks the extinction of the gods. To combat the threat, Thor enlists the help of King Valkyrie, Korg, and ex-girlfriend Jane Foster, who — to Thor’s surprise — inexplicably wields his magical hammer, Mjolnir, as the Mighty Thor. Together, they embark upon a harrowing cosmic adventure to uncover the mystery of the God Butcher’s vengeance and stop him before it’s too late.",2022-07-06,,Taika Waititi,Chris Hemsworth,Natalie Portman,Tessa Thompson
113,The Sea Beast,"Chris Williams (director/screenplay); Karl Urban, Zaris-Angel Hator, Jared Harris, Marianne Jean-Baptiste, Dan Stevens, Kathy Burke",Animation Adventure Comedy Family Fantasy,The life of a legendary sea monster hunter is turned upside down when a young girl stows away on his ship.,2022-07-08,,Chris Williams,Karl Urban,Zaris-Angel Hator,Jared Harris
114,Paws of Fury: The Legend of Hank,"Rob Minkoff, Mark Koetsier (directors); Ed Stone, Nate Hopper, Robert Ben Garant (screenplay); Michael Cera, Ricky Gervais, Mel Brooks, George Takei, Gabriel Iglesias, Djimon Hounsou, Michelle Yeoh, Kylie Kuioka, Samuel L. Jackson",Family Comedy Animation Action,The story revolves around a scrappy young dog who fights to save a town from becoming the litter box of a nefarious feline warlord.,2022-07-15,97.0,"Rob Minkoff, Mark Koetsier",Michael Cera,Ricky Gervais,Mel Brooks
115,Where the Crawdads Sing,"Olivia Newman (director); Lucy Alibar (screenplay); Daisy Edgar-Jones, Taylor John Smith, Harris Dickinson, Michael Hyatt, Sterling Macer Jr., David Strathairn",Drama Mystery,"Abandoned by her family, Kya raises herself all alone in the marshes outside of her small town. When her former boyfriend is found dead, Kya is instantly branded by the local townspeople and law enforcement as the prime suspect for his murder.",2022-06-23,,Olivia Newman,Daisy Edgar-Jones,Taylor John Smith,Harris Dickinson
116,Persuasion,"Carrie Cracknell (director); Ronald Bass, Alice Victoria Winslow (screenplay); Dakota Johnson, Henry Golding, Cosmo Jarvis, Suki Waterhouse, Nikki Amuka-Bird, Richard E. Grant",Romance Drama TV Movie,Persuasion is the newest adaptation of the classic Jane Austen novel of the same name published in 1818. Anne falls deeply in love with handsome young naval officer Frederick Wentworth at the age of nineteen.,2007-04-01,93.0,Carrie Cracknell,Dakota Johnson,Henry Golding,Cosmo Jarvis
117,Mrs. Harris Goes to Paris,"Anthony Fabian (director/screenplay); Carroll Cartwright, Keith Thompson, Olivia Hetreed (screenplay); Lesley Manville, Isabelle Huppert, Jason Isaacs, Lambert Wilson",Drama,A new adaptation of Paul Gallico's much-loved novel about a cleaning lady in 1950s London who falls in love with an haute couture dress by Christian Dior and decides to gamble everything for the sake of this folly.,2022-07-15,,Anthony Fabian,Lesley Manville,Isabelle Huppert,Jason Isaacs
118,Bed Rest,Lori Evans Taylor (director/screenplay); Melissa Barrera,,A pregnant woman on bed rest begins to wonder if her house is haunted or it's all in her head.,2022-07-15,,Lori Evans Taylor,Melissa Barrera,,
119,Nope,"Jordan Peele (director/screenplay); Daniel Kaluuya, Keke Palmer, Steven Yeun",Horror Mystery Science Fiction Thriller,"Residents in a lonely gulch of inland California bear witness to an uncanny, chilling discovery.",2022-07-20,,Jordan Peele,Daniel Kaluuya,Keke Palmer,Steven Yeun
120,House Party,"Calmatic (director); Stephen Glover, Jamal Olori (screenplay); Jacob Latimore, Tosin Cole, Melvin Gregg",Comedy,Kid'N'Play leave their neighborhood and enter the world of adulthood and higher education. Play attempts to get rich quick in the music business while Kid faces the challenges of college.,1991-10-23,94.0,Calmatic,Jacob Latimore,Tosin Cole,Melvin Gregg
121,Bullet Train,"David Leitch (director); Zak Olkewicz (screenplay); Brad Pitt, Joey King, Aaron Taylor-Johnson, Brian Tyree Henry, Andrew Koji, Hiroyuki Sanada, Michael Shannon, Bad Bunny, Zazie Beetz, Logan Lerman, Karen Fukuhara, Masi Oka, Sandra Bullock",Action Thriller Mystery,"Five assassins find themselves on a fast-moving bullet train from Tokyo to Morioka with only a few stops in between. They discover their missions are not unrelated to one another. The question becomes, who will make it off the train alive and what awaits them at the terminal station?",2022-06-22,,David Leitch,Brad Pitt,Joey King,Aaron Taylor-Johnson
122,DC League of Super-Pets,"Jared Stern (director/screenplay); John Whittington (screenplay); Dwayne Johnson, Kevin Hart, Kate McKinnon, John Krasinski, Vanessa Bayer, Natasha Lyonne, Diego Luna, Marc Maron, Thomas Middleditch, Ben Schwartz, Keanu Reeves",Action Animation Comedy Family,"When Superman and the rest of the Justice League are kidnapped, Krypto the Super-Dog must convince a rag-tag shelter pack - Ace the hound, PB the potbellied pig, Merton the turtle and Chip the squirrel - to master their own newfound powers and help him rescue the superheroes.",2022-07-27,,Jared Stern,Dwayne Johnson,Kevin Hart,Kate McKinnon
123,Vengeance,"B. J. Novak (director/screenplay); B. J. Novak, Issa Rae, Ashton Kutcher, Boyd Holbrook, Dove Cameron",Action Crime Fantasy,A revenge mission becomes a fight to save the world from an ancient threat when superpowered assassin Kai tracks a killer to Bangkok.,2022-02-17,94.0,B. J. Novak,B. J. Novak,Issa Rae,Ashton Kutcher
124,Luck,"Peggy Holmes (director); Kiel Murray, Jonathan Aibel, Glenn Berger (screenplay); Jane Fonda, Whoopi Goldberg, Eva Noblezada, Simon Pegg, Flula Borg, Lil Rel Howery, Colin O'Donoghue, Adelynn Spoon, John Ratzenberger",Comedy,"Cursed since childhood, dentist Charlie Logan cannot find the right woman. Even worse, he learns that each of his ex-girlfriends finds true love with the man she meets after her relationship with him ends. Hearing of Charlie's reputation as a good-luck charm, women from all over line up for a quick tryst. But when Charlie meets the woman of his dreams, he must find a way to break the curse or risk losing her to the next man she meets.",2007-09-21,101.0,Peggy Holmes,Jane Fonda,Whoopi Goldberg,Eva Noblezada
125,Easter Sunday,"Jay Chandrasekhar (director); Ken Cheng (screenplay); Jo Koy, Jimmy O. Yang, Tia Carrere, Brandon Wardell, Eva Noblezada, Tiffany Haddish",Comedy,"Set around a family gathering to celebrate Easter Sunday, the comedy will be based on Jo Koy's life experiences and stand-up comedy.",2022-08-05,,Jay Chandrasekhar,Jo Koy,Jimmy O. Yang,Tia Carrere
126,Secret Headquarters,"Henry Joost, Ariel Schulman (director/screenplay); Josh Koenigsberg (screenplay); Owen Wilson, Michael Peña, Jesse Williams, Walker Scobell, Keith L. Williams",Family Action Science Fiction Adventure,A kid who discovers the secret headquarters of the world's most powerful superhero hidden beneath his home and must defend it with his group of friends when villains attack.,2022-08-03,,"Henry Joost, Ariel Schulman",Owen Wilson,Michael Peña,Jesse Williams
127,Bodies Bodies Bodies,"Halina Reijn (director); Sarah DeLappe (screenplay); Amandla Stenberg, Maria Bakalova, Pete Davidson, Rachel Sennott, Lee Pace",Horror Thriller Comedy,"In an isolated family mansion, a group of rich 20-somethings decides to play Bodies Bodies Bodies, a game where one of them is secretly a “killer” while the rest tries to “escape”. Things take a turn for the worse when real bodies start turning up, setting off a paranoid and dangerous chain of events.",2022-08-05,95.0,Halina Reijn,Amandla Stenberg,Maria Bakalova,Pete Davidson
128,Not Okay,"Quinn Shephard (director/screenplay); Zoey Deutch, Dylan O'Brien, Karan Soni, Embeth Davidtz",Comedy Romance,"A misguided young woman, desperate for friends and fame, fakes a trip to Paris to up her social media presence. When a terrifying incident takes place in the real world and becomes part of her imaginary trip, her white lie becomes a moral quandary that offers her all the attention she’s wanted.",2022-08-05,,Quinn Shephard,Zoey Deutch,Dylan O'Brien,Karan Soni
129,Beast,"Baltasar Kormákur (director); Ryan Engle, Jaime Primak (screenplay); Idris Elba, Sharlto Copley",Romance Family Animation Fantasy,"Follow the adventures of Belle, a bright young woman who finds herself in the castle of a prince who's been turned into a mysterious beast. With the help of the castle's enchanted staff, Belle soon learns the most important lesson of all -- that true beauty comes from within.",1991-10-22,84.0,Baltasar Kormákur,Idris Elba,Sharlto Copley,
130,Samaritan,"Julius Avery (director); Bragi F. Schut (screenplay); Sylvester Stallone, Javon Walton, Martin Starr, Moisés Arias, Dascha Polanco, Pilou Asbæk",Thriller Crime Horror,"A thief makes a disturbing discovery in the house where he breaks in. Later, when he returns to the same house with his partner in crime, things are no longer how he expected.",2018-04-19,111.0,Julius Avery,Sylvester Stallone,Javon Walton,Martin Starr
131,The Bride,"Jessica M. Thompson (director/screenplay); Blair Butler (screenplay); Nathalie Emmanuel, Sean Pertwee, Thomas Doherty, Stephanie Corneliussen, Hugh Skinner",Comedy Romance,"George Banks is an ordinary, middle-class man whose 22 year-old daughter Annie has decided to marry a man from an upper-class family, but George can't think of what life would be like without his daughter. His wife tries to make him happy for Annie, but when the wedding takes place at their home and a foreign wedding planner takes over the ceremony, he becomes slightly insane.",1991-12-20,105.0,Jessica M. Thompson,Nathalie Emmanuel,Sean Pertwee,Thomas Doherty
132,Fear,"Deon Taylor (director/screenplay); John Ferry (screenplay); Joseph Sikora, T.I., King Bach, Terrence J, Ruby Modine",Mystery Horror,"After a series of brutal slayings, a teen and her friends take on an evil force that's plagued their notorious town for centuries.",2021-06-28,107.0,Deon Taylor,Joseph Sikora,T.I.,King Bach
133,On a Wing and a Prayer,"Sean McNamara (director); Brian Egeston (screenplay); Dennis Quaid, Heather Graham, Jesse Metcalfe, Brandon Quinn",Drama Thriller,"After a pilot dies unexpectedly while flying the plane, a passenger is forced to land the plane safely in order to save his entire family.",2022-08-25,,Sean McNamara,Dennis Quaid,Heather Graham,Jesse Metcalfe
134,Honk for Jesus. Save Your Soul,"Adamma Ebo (director/screenplay); Regina Hall, Sterling K. Brown",Comedy,"In the aftermath of a huge scandal, Trinity Childs, the first lady of a prominent Southern Baptist Mega Church, attempts to help her pastor-husband, Lee-Curtis Childs, rebuild their congregation.",2022-09-02,98.0,Adamma Ebo,Regina Hall,Sterling K. Brown,
135,After Ever Happy,"Castille Landon (director); Sharon Soboli (screenplay); Hero Fiennes-Tiffin, Josephine Langford, Louise Lombard, Kiana Madeira, Chance Perdomo, Rob Estes, Carter Jenkins, Arielle Kebbel, Stephen Moyer, Mira Sorvino",Romance,"The fourth installment in The After Universe. As a shocking truth about a couple's families emerges, the two lovers discover they are not so different from each other. Tessa is no longer the sweet, simple, good girl she was when she met Hardin — any more than he is the cruel, moody boy she fell so hard for.",2022-08-25,119.0,Castille Landon,Hero Fiennes-Tiffin,Josephine Langford,Louise Lombard
136,Salem's Lot,"Gary Dauberman (director/screenplay), Lewis Pullman, Makenzie Leigh, Bill Camp, Spencer Treat Clark, Alfre Woodard, William Sadler",Horror,"Author Ben Mears returns to his childhood home of Jerusalem’s Lot in search of inspiration for his next book, only to discover his hometown is being preyed upon by a bloodthirsty vampire.",2022-09-08,,Gary Dauberman,Gary Dauberman (director/screenplay),Lewis Pullman,Makenzie Leigh
137,Dark Harvest,"David Slade (director); Michael Gilio (screenplay); Casey Likes, E’myri Crutchfield, Jeremy Davies, Elizabeth Reaser, Luke Kirby",Horror,"Every fall in a small Midwestern town, a supernatural specter rises from the cornfields and makes its way toward the town’s church, where violent gangs of teenage boys hungrily await their chance to confront the legendary nightmare in an annual harvest rite of life and death called the Run. Richie Shepard lives in the shadow of his big brother who won last year’s Run and earned his ticket out of town. To prove himself and join his brother, Richie pairs up with Kelly Haines, a restless dreamer who will do whatever it takes to escape this dead-end town. Against the rules and the odds, Richie and Kelly decide to hunt down the legendary nightmare to win the Run and their freedom, together.",2022-09-21,,David Slade,Casey Likes,E’myri Crutchfield,Jeremy Davies
138,The Woman King,"Gina Prince-Bythewood (director); Dana Stevens (screenplay); Viola Davis, Thuso Mbedu, Lashana Lynch, John Boyega",Drama History,"A historical epic inspired by true events that took place in The Kingdom of Dahomey, one of the most powerful states of Africa in the 18th and 19th centuries. The story follows Nanisca (Davis), general of the all-female military unit, and Nawi, an ambitious recruit, who together fought the French and neighboring tribes who violated their honor, enslaved their people and threatened to destroy everything they’ve lived for.",2022-09-16,,Gina Prince-Bythewood,Viola Davis,Thuso Mbedu,Lashana Lynch
139,"Are You There God? It's Me, Margaret","Kelly Fremon Craig (director/screenplay); Rachel McAdams, Abby Ryder Fortson, Benny Safdie, Kathy Bates",Drama Comedy,"When her family moves from the city to the suburbs, 11-year-old Margaret navigates new friends, feelings, and the beginning of adolescence.",2022-09-16,,Kelly Fremon Craig,Rachel McAdams,Abby Ryder Fortson,Benny Safdie
140,Distant,"Josh Gordon & Will Speck (directors); Spenser Cohen (screenplay); Anthony Ramos, Naomi Scott, Zachary Quinto",Drama,A man trying to get home to his dog gets stuck in a time loop that forces him to relive a deadly run-in with a cop.,2021-04-09,32.0,Josh Gordon & Will Speck,Anthony Ramos,Naomi Scott,Zachary Quinto
141,Don't Worry Darling,"Olivia Wilde (director); Katie Silberman, Carey Van Dyke, Shane Van Dyke (screenplay); Florence Pugh, Harry Styles, Olivia Wilde, Gemma Chan, KiKi Layne, Nick Kroll, Chris Pine",Drama Mystery Thriller,A housewife living in a utopian community in the California desert uncovers a disturbing truth about her seemingly perfect life.,2022-09-23,,Olivia Wilde,Florence Pugh,Harry Styles,Olivia Wilde
142,Bros,"Nicholas Stoller (director/screenplay); Billy Eichner (screenplay); Billy Eichner, Luke Macfarlane, Jim Rash, Bowen Yang, Harvey Fierstein",Adventure Comedy Family Science Fiction,"Mario and Luigi, plumbers from Brooklyn, find themselves in an alternate universe where evolved dinosaurs live in hi-tech squalor. They're the only hope to save our universe from invasion by the dino dictator, Koopa.",1993-05-28,104.0,Nicholas Stoller,Billy Eichner,Luke Macfarlane,Jim Rash
143,,,Comedy,"Catherine Tate's iconic character Nan hits the big screen as she goes on a wild road trip from London to Ireland with her grandson Jamie to make amends with her estranged sister Nell. Militant vegan arsonists, raucous rugby teams, all night raves and crazed cops on motorbikes all make for a proper day out. An origin story that mixes Nan's present with her past where we finally find out what's made her the cantankerous old bastard she is today.",2022-03-18,95.0,nan,nan,,
144,"Lyle, Lyle, Crocodile","Will Speck, Josh Gordon (directors); William Davies (screenplay); Javier Bardem, Shawn Mendes, Winslow Fegley, Constance Wu, Brett Gelman, Scoot McNairy",Family Fantasy,The venerable children's tale revolves around the title reptile who lives in a house on East 88th Street in New York City.,2022-10-07,,"Will Speck, Josh Gordon",Javier Bardem,Shawn Mendes,Winslow Fegley
145,Tár,"Todd Field (director/screenplay); Cate Blanchett, Nina Hoss, Noémie Merlant, Mark Strong",Drama,"World-renowned musician Lydia Tár is just days away from recording the symphony that will take her to the very heights of her already formidable career. Tár’s remarkably bright and charming six-year-old adopted daughter Petra has a key role to play here. And when elements seem to conspire against Lydia, the young girl is an important emotional support for her struggling mother.",2022-10-07,,Todd Field,Cate Blanchett,Nina Hoss,Noémie Merlant
146,Till,"Chinonye Chukwu (director/screenplay); Danielle Deadwyler, Whoopi Goldberg, Frankie Faison, Jayme Lawson, Tosin Cole, Kevin Carroll, Sean Patrick Thomas, Haley Bennett",Horror Thriller,"After a romantic evening at their secluded lake house, a woman wakes up handcuffed to her dead husband. Trapped and isolated in the dead of winter, she must fight off hired killers to escape her late spouse's twisted plan.",2021-07-02,89.0,Chinonye Chukwu,Danielle Deadwyler,Whoopi Goldberg,Frankie Faison
147,Halloween Ends,"David Gordon Green (director/screenplay); Danny McBride, Paul Brad Logan, Chris Bernier (screenplay); Jamie Lee Curtis, Andi Matichak, Will Patton, Kyle Richards",Horror Thriller,"Four years after the traumatic events of Halloween in 2018, the nightmare ends as Laurie Strode comes face to face with Michael Myers, once and for all.",2022-10-13,,David Gordon Green,Jamie Lee Curtis,Andi Matichak,Will Patton
148,Devotion,"J. D. Dillard (director); Jake Crane, Jonathan A. Stewart (screenplay); Jonathan Majors, Glen Powell, Joe Jonas",War History Drama,Based on the true story of two elite U.S. Navy fighter pilots during the Korean War.,2022-10-28,,J. D. Dillard,Jonathan Majors,Glen Powell,Joe Jonas
149,White Bird: A Wonder Story,"Marc Forster (director); Mark Bomback (screenplay); Gillian Anderson, Helen Mirren, Ariella Glesar, Bryce Gheisar",Drama,"Set in Nazi-occupied France during the Second World War, a fairy-tale life before the war for a young Jewish girl is turned upside down by the occupying Nazis and a boy she and her classmates once shunned becomes her savior and best friend.",2022-09-16,,Marc Forster,Gillian Anderson,Helen Mirren,Ariella Glesar
150,Black Adam,"Jaume Collet-Serra (director); Adam Sztykiel, Rory Haines, Sohrab Noshirvani (screenplay); Dwayne Johnson, Aldis Hodge, Noah Centineo, Sarah Shahi, Quintessa Swindell, Marwan Kenzari, Pierce Brosnan",Action Fantasy Adventure,"Nearly 5,000 years after he was bestowed with the almighty powers of the Egyptian gods—and imprisoned just as quickly—Black Adam is freed from his earthly tomb, ready to unleash his unique form of justice on the modern world.",2022-10-19,,Jaume Collet-Serra,Dwayne Johnson,Aldis Hodge,Noah Centineo
151,Ticket to Paradise,"Ol Parker (director); Daniel Pipski (screenplay); Julia Roberts, George Clooney, Kaitlyn Dever, Billie Lourd",Comedy Romance,Clooney and Roberts will play a divorced couple that teams up and travels to Bali to stop their daughter from making the same mistake they think they made 25 years ago.,2022-09-09,,Ol Parker,Julia Roberts,George Clooney,Kaitlyn Dever
152,The Banshees of Inisherin,"Martin McDonagh (director/screenplay); Brendan Gleeson, Colin Farrell, Barry Keoghan, Kerry Condon",Drama Comedy,A pair of lifelong friends on a remote Irish island find themselves at an awkward time in their relationship when one of them no longer wants to be friends.,2022-10-21,,Martin McDonagh,Brendan Gleeson,Colin Farrell,Barry Keoghan
153,The Devil's Light,"Daniel Stamm (director); Robert Zappia (screenplay); Jacqueline Byers, Virginia Madsen, Ben Cross, Colin Salmon",Horror Thriller,"Sister Ann is a restless 25-year-old who devoutly believes that performing exorcisms is her calling. But she is at odds with the institution's traditions: nuns are not allowed to perform exorcisms, only priests. With the support of a mentor, a professor who senses her special gift, she is allowed to observe actual training sessions. Her desire to prove herself takes a personal turn when she meets one of the school's most disturbed patients. During their harrowing encounters, Sister Ann comes face to face with a demonic force that infests the school and has mysterious ties to her own past. It is then that the power of evil and her own startling abilities are fully realized.",2022-05-19,93.0,Daniel Stamm,Jacqueline Byers,Virginia Madsen,Ben Cross
154,Canterbury Glass,"David O. Russell (director/screenplay); Christian Bale, Margot Robbie, John David Washington, Anya Taylor-Joy, Rami Malek, Zoe Saldana, Chris Rock, Timothy Olyphant, Michael Shannon, Andrea Riseborough, Matthias Schoenaerts, Alessandro Nivola, Taylor Swift, Mike Myers, Robert De Niro",Drama,"In the 1930s, three friends witness a murder, become suspects themselves, and uncover one of the most outrageous plots in American history.",2022-11-04,,David O. Russell,Christian Bale,Margot Robbie,John David Washington
155,Black Panther: Wakanda Forever,"Ryan Coogler (director/screenplay); Joe Robert Cole (screenplay); Lupita Nyong'o, Letitia Wright, Danai Gurira, Daniel Kaluuya, Winston Duke, Dominique Thorne, Michaela Coel, Martin Freeman, Angela Bassett",Action Adventure Science Fiction,The sequel to Black Panther (2018).,2022-11-09,,Ryan Coogler,Lupita Nyong'o,Letitia Wright,Danai Gurira
156,Spellbound,"Vicky Jenson (director), Lauren Hynek, Elizabeth Martin, Linda Woolverton (screenplay); Rachel Zegler",Mystery Thriller Romance,"When Dr. Anthony Edwardes arrives at a Vermont mental hospital to replace the outgoing hospital director, Dr. Constance Peterson, a psychoanalyst, discovers Edwardes is actually an impostor. The man confesses that the real Dr. Edwardes is dead and fears he may have killed him, but cannot recall anything. Dr. Peterson, however is convinced his impostor is innocent of the man's murder, and joins him on a quest to unravel his amnesia through psychoanalysis.",1945-11-08,111.0,Vicky Jenson,Rachel Zegler,,
157,The Menu,"Mark Mylod (director); Seth Reiss, Will Tracy (screenplay); Anya Taylor-Joy, Nicholas Hoult, Ralph Fiennes, Hong Chau, John Leguizamo, Janet McTeer, Judith Light",Horror Comedy,A young couple visiting an exclusive restaurant on a remote island discover a dark truth behind it’s eccentric chef — and menu,2022-11-18,,Mark Mylod,Anya Taylor-Joy,Nicholas Hoult,Ralph Fiennes
158,She Said,"Maria Schrader (director); Rebecca Lenkiewicz (screenplay); Zoe Kazan, Carey Mulligan, Patricia Clarkson, Andre Braugher, Samantha Morton",Comedy Crime Drama Mystery,"Miss Marple believes she's seen a murder in a passing-by train, yet when the police find no evidence she decides to investigate it on her own.",1961-09-26,87.0,Maria Schrader,Zoe Kazan,Carey Mulligan,Patricia Clarkson
159,Thirteen Lives,"Ron Howard (director); William Nicholson (screenplay); Viggo Mortensen, Colin Farrell, Joel Edgerton",Drama,A dramatization of the rescue of a boys soccer team from an underground cave in Thailand.,2022-11-16,,Ron Howard,Viggo Mortensen,Colin Farrell,Joel Edgerton
160,The Fabelmans,"Steven Spielberg (director/screenplay); Tony Kushner (screenplay); Michelle Williams, Seth Rogen, Paul Dano, Gabriel LaBelle, Julia Butters, Oakes Fegley, Gabriel Bateman, Nicolas Cantu, Judd Hirsch",Drama,A drama loosely based on Spielberg's own childhood.,2022-11-23,,Steven Spielberg,Michelle Williams,Seth Rogen,Paul Dano
161,Creed III,"Michael B. Jordan (director); Zach Baylin, Keenan Coogler (screenplay); Michael B. Jordan, Tessa Thompson, Jonathan Majors, Phylicia Rashad",Drama Action,The third installment of Creed franchise.,2022-11-23,,Michael B. Jordan,Michael B. Jordan,Tessa Thompson,Jonathan Majors
162,Strange World,Don Hall (director); Qui Nguyen (screenplay),Animation Family Fantasy,"Follows the legendary Clades—a family of explorers whose differences threaten to topple their latest, and by far most crucial mission; A journey deep into an uncharted and treacherous land where fantastical creatures await.",2022-11-23,,Don Hall,Don Hall (director); Qui Nguyen (screenplay),,
163,Violent Night,"Tommy Wirkola (director); Pat Casey, Josh Miller, Josh Friedman (screenplay); David Harbour, John Leguizamo, Beverly D'Angelo",Action Thriller,"A team of elite mercenaries breaks into a wealthy family compound on Christmas Eve, taking everyone inside hostage. But the team isn’t prepared for a surprise combatant on the grounds: Santa Claus.",2022-11-30,,Tommy Wirkola,David Harbour,John Leguizamo,Beverly D'Angelo
164,Avatar 2,"James Cameron (director/screenplay); Josh Friedman (screenplay); Sam Worthington, Zoe Saldana, Stephen Lang, Giovanni Ribisi, Vin Diesel, Edie Falco, Michelle Yeoh, Jemaine Clement, Cliff Curtis, Kate Winslet, Sigourney Weaver",Action Adventure Science Fiction Fantasy,"Twelve years after exploring Pandora and joining the Na’vi, Jake Sully has since raised a family with Neytiri and established himself within the clans of the new world. Of course, peace can only last so long. Especially when the military organization from the original film returns to “finish what they started”.",2022-12-14,,James Cameron,Sam Worthington,Zoe Saldana,Stephen Lang
165,Shazam! Fury of the Gods,"David F. Sandberg (director); Henry Gayden, Chris Morgan (screenplay); Zachary Levi, Jack Dylan Grazer, Rachel Zegler, Asher Angel, Djimon Hounsou, Lucy Liu, Helen Mirren",Comedy Action Fantasy,The further adventures of crime-fighting superhero Shazam.,2022-12-15,,David F. Sandberg,Zachary Levi,Jack Dylan Grazer,Rachel Zegler
166,Puss in Boots: The Last Wish,"Joel Crawford (director); Antonio Banderas, Salma Hayek, Harvey Guillén, Florence Pugh, John Mulaney, Da'Vine Joy Randolph, Ray Winstone, Olivia Colman",Animation Adventure Comedy Family Fantasy Drama,"Puss in Boots discovers that his passion for adventure has taken its toll: He has burned through eight of his nine lives, leaving him with only one life left. Puss sets out on an epic journey to find the mythical Last Wish and restore his nine lives.",2022-12-21,,Joel Crawford,Joel Crawford (director); Antonio Banderas,Salma Hayek,Harvey Guillén
167,I Wanna Dance with Somebody,"Kasi Lemmons (director); Anthony McCarten (screenplay); Naomi Ackie, Ashton Sanders, Stanley Tucci",Drama,Biopic of the legendary singer Whitney Houston.,2022-12-21,,Kasi Lemmons,Naomi Ackie,Ashton Sanders,Stanley Tucci
168,Babylon,"Damien Chazelle (director/screenplay); Brad Pitt, Margot Robbie, Tobey Maguire, Katherine Waterston, Max Minghella, Flea, Samara Weaving, Lukas Haas, Olivia Wilde, Spike Jonze, Jean Smart",Action Adventure Science Fiction Thriller,A veteran-turned-mercenary is hired to take a young woman with a secret from post-apocalyptic Eastern Europe to New York City.,2008-08-20,101.0,Damien Chazelle,Brad Pitt,Margot Robbie,Tobey Maguire
169,A Man Called Otto,"Marc Forster (director), David Magee (screenplay); Tom Hanks",Drama Comedy,"Otto, a grumpy and strict widower, holds the rest of his neighborhood to his staunch rules. But just as Otto is about to give up on his life, he sparks a new friendship with his neighbors, prompting him to undergo a transformation.",2022-12-25,,Marc Forster,Tom Hanks,,
170,,,Comedy,"Catherine Tate's iconic character Nan hits the big screen as she goes on a wild road trip from London to Ireland with her grandson Jamie to make amends with her estranged sister Nell. Militant vegan arsonists, raucous rugby teams, all night raves and crazed cops on motorbikes all make for a proper day out. An origin story that mixes Nan's present with her past where we finally find out what's made her the cantankerous old bastard she is today.",2022-03-18,95.0,nan,nan,,
